year,length-sum,length-mean
2023,1463336,642.095655989469
2024,740347,647.7226596675415
2021,376089,850.8800904977376
2022,342975,720.5357142857143
2017,146,146.0
